heuristic_origin,agents,share
Cepeda,0,0.0
De la Espriella,0,0.0
Voto en blanco,2,0.044444444444444446
No alineado,37,0.8222222222222222
Abstencion,6,0.13333333333333333
