exposure_channel,llm_final_state,driver_score,detractor_score,exposed_agents
direct,Cepeda,0.8478699848713904,2.098313766675888,400
direct,De la Espriella,0.9675458568507942,2.9552999522800216,440
direct,Voto en blanco,0.31507381545439006,0.010106862940436376,45
peer,Cepeda,0.0017948210134415498,0.0020651221611129866,61
peer,De la Espriella,0.001360882905275404,0.005031123377387222,75
peer,Voto en blanco,2.978028173128422e-05,0.0,5
