macro_region,Cepeda,De la Espriella,Voto en blanco,No alineado,Abstencion
Antioquia_EjeCafetero,0.5384615384615384,0.34965034965034963,0.04195804195804196,0.02097902097902098,0.04895104895104895
Bogota_Cundinamarca,0.4029126213592233,0.46601941747572817,0.014563106796116505,0.038834951456310676,0.07766990291262135
Boyaca_Tolima_Huila,0.3148148148148148,0.49074074074074076,0.08333333333333333,0.027777777777777776,0.08333333333333333
Caribe,0.4134078212290503,0.4022346368715084,0.05027932960893855,0.0223463687150838,0.11173184357541899
Llanos_Orinoquia,0.38333333333333336,0.45,0.05,0.016666666666666666,0.1
Pacifico,0.39864864864864863,0.4189189189189189,0.0472972972972973,0.02027027027027027,0.11486486486486487
Santanderes,0.30612244897959184,0.4897959183673469,0.07142857142857142,0.01020408163265306,0.12244897959183673
Sur_Amazonia,0.3448275862068966,0.5517241379310345,0.017241379310344827,0.0,0.08620689655172414
