llm_final_state,Negative,Other / mixed,Positive,Uncertain / ambivalent
Cepeda,0.0,0.5475,0.35,0.1025
De la Espriella,0.004545454545454545,0.5772727272727273,0.33181818181818185,0.08636363636363636
Voto en blanco,0.0,0.2,0.08888888888888889,0.7111111111111111
No alineado,0.0,0.13043478260869565,0.0,0.8695652173913043
Abstencion,0.0,0.17391304347826086,0.08695652173913043,0.7391304347826086
