llm_final_state,Passive,Calm,Assertive,Confrontational,Aggressive
Cepeda,0.0325,0.6225,0.325,0.0175,0.0025
De la Espriella,0.07272727272727272,0.5659090909090909,0.3340909090909091,0.025,0.0022727272727272726
Voto en blanco,0.2,0.8,0.0,0.0,0.0
No alineado,0.4782608695652174,0.4782608695652174,0.043478260869565216,0.0,0.0
Abstencion,0.5217391304347826,0.4782608695652174,0.0,0.0,0.0
